count,title,dept_name
25861,Engineer,Development
21908,Engineer,Production
18809,Staff,Sales
18405,Senior Engineer,Development
15720,Senior Engineer,Production
13812,Senior Staff,Sales
7359,Staff,Marketing
7297,Staff,Customer Service
6504,Staff,Human Resources
6234,Staff,Finance
6082,Engineer,Quality Management
6078,Staff,Research
5322,Senior Staff,Marketing
5257,Senior Staff,Customer Service
4685,Senior Staff,Human Resources
4582,Senior Staff,Finance
4340,Senior Engineer,Quality Management
4298,Senior Staff,Research
3549,Assistant Engineer,Development
3431,Technique Leader,Development
3009,Technique Leader,Production
2923,Assistant Engineer,Production
1337,Engineer,Research
1019,Engineer,Customer Service
1007,Senior Engineer,Research
859,Assistant Engineer,Quality Management
829,Technique Leader,Quality Management
764,Senior Engineer,Customer Service
654,Staff,Development
638,Staff,Production
476,Senior Staff,Development
453,Senior Staff,Production
184,Technique Leader,Research
171,Assistant Engineer,Research
133,Technique Leader,Customer Service
123,Assistant Engineer,Customer Service
1,Manager,Customer Service
1,Manager,Production
